Close,Volume
164.490005,3214500
162.660004,3597300
162.970001,3314700
165.460007,8946000
166.080002,2408900
166.970001,3548100
168.619995,3701600
167.729996,2335800
166.990005,7074000
168.25,3330900
167.169998,2863000
166.839996,3249800
166.259995,4245700
166.990005,3065100
168.779999,3464000
168.919998,4680500
165.679993,3395900
165.339996,3758700
167.399994,3100500
168.380005,3079300
169.919998,2131000
169.649994,2571400
170.179993,2985500
169.649994,4092000
171.710007,1731400
172,2764400
170.130005,3854200
172.220001,2849700
173.339996,2295600
173.759995,2300300
173.479996,2523000
173.059998,1970600
173.259995,2916600
174.050003,2439100
172.279999,2457500
170.550003,2962400
171.119995,2661000
172.679993,3092600
170.990005,2472000
170.050003,3612600
173.080002,3593600
173.970001,4028000
173.669998,3312100
171.289993,5062900
174.399994,4518400
173.919998,5816700
170.729996,3168600
169.779999,3888400
170.240005,8235600
165.360001,4024800
164.259995,9683600
166.160004,9609200
160.669998,4314400
163.130005,3136900
164.130005,3498800
162.300003,2719300
162.380005,3868900
162.860001,2515700
162.339996,2263500
161.850006,2524300
162.070007,3148000
162.039993,3465700
160.449997,4671600
159.179993,3700800
160.5,4255400
162.669998,4138000
160.399994,3477900
160.589996,4396000
159.199997,5428900
163,4346100
164.630005,5930100
162.880005,9006400
159.809998,3878600
159.809998,5738800
156.960007,3311700
157.080002,3749600
154.279999,6064100
157.979996,4567300
156.800003,5709900
157.809998,4601000
160.770004,5193900
158.5,4540200
161.179993,3791700
159.419998,3633600
161.029999,3234400
160.479996,5917900
161.940002,4410000
160.869995,7110800
162.809998,4004600
164.830002,4701600
162.910004,2714400
163.649994,3353000
163.889999,3504400
162.190002,4358400
160.960007,2894500
160.399994,3706900
158.520004,3333100
158.199997,3626700
158.559998,4440600
155.75,3057700
156.720001,3225000
157.910004,5253600
156.960007,3678500
158.470001,5539400
154.660004,4712200
153.309998,6563600
155.479996,8320800
151.550003,4495900
153.669998,5659600
156.360001,7888100
155.869995,4834800
155.389999,6120100
152.089996,11897100
156.949997,8392800
157.139999,5756000
154.570007,4248400
155.800003,4690300
156.809998,4377500
156.440002,4182800
159.110001,4484800
158.419998,4236800
155.050003,4701800
156.070007,6146700
159.509995,4880400
162.059998,5525500
160.440002,4011900
160.050003,2829900
160.509995,3331800
162.339996,1912200
161.820007,1868100
162.240005,4043300
161.440002,4682500
158.509995,8864900
157.679993,7302400
151.929993,5131000
151.410004,6782600
153.059998,6500300
155.380005,8611700
161.070007,3989600
160.509995,4072800
162.990005,3861200
161.860001,2851000
163.270004,3013500
164.050003,3859400
164.520004,6429100
162.669998,3464100
161.539993,4168400
162.169998,2405500
161.949997,3966000
161.759995,4062300
162.149994,6618500
160.919998,4076900
160.639999,4182200
161.429993,3802200
161.889999,5410100
164.160004,4798900
164.160004,4976700
162.789993,3239500
161.919998,3377600
163.300003,3534400
163.490005,4958200
162.070007,3494800
161.460007,4067600
161.820007,4104700
162.649994,4246900
164.360001,4688200
164.399994,5818000
164.350006,3896000
163.460007,4739300
163.600006,7895300
161.869995,4989100
162.080002,6652100
162.179993,7599400
161.789993,11084800
163.229996,20949800
169.100006,23416500
182.050003,4350200
179.839996,5578600
181.75,6895800
183.800003,3924700
183.520004,3596700
185.929993,5090200
186.419998,2625400
189.360001,2984800
185.710007,2991300
189.039993,2099500
188.669998,3071500
186.910004,2283100
187.169998,3723200
189.830002,2932600
189.639999,2336300
190.059998,2493900
189.009995,4151400
192.309998,3082600
191.619995,3301800
193.110001,3318000
194,8852000
193.75,2963300
192.800003,3210800
192.960007,2561500
191.809998,2456400
191.279999,2901000
191.720001,2298500
191.539993,2764000
189.990005,2403600
190.139999,2524200
191.199997,2260200
190.679993,2865000
191.949997,1822800
191.559998,2679700
192.300003,2909400
192,1503600
192.25,2190200
192.990005,3175400
191.160004,1723600
190.410004,1940300
191.229996,2496500
190.100006,2177600
190.070007,2040100
189.360001,2420300
187.380005,2814800
187.880005,1929500
187.949997,1797000
187.339996,1858600
187.470001,2527200
186.630005,2781500
184.300003,2708600
185.970001,3847000
187.100006,3307900
189.639999,2125900
189.149994,5181100
191.669998,4207500
194,3943800
194.570007,3264100
195.779999,3242400
194.399994,3376400
195.240005,3612700
193.630005,3584200
194.089996,4853000
190.850006,4154400
192.5,8166400
192.490005,8872300
192.360001,7812600
188.490005,4864700
189.860001,4501100
188,2402500
187.699997,3177800
188.419998,3309600
187.220001,3135100
188.039993,2958700
188.529999,2422400
188.389999,5093000
186.350006,6643100
181.270004,4223800
181.710007,4575500
180.369995,3258500
180.720001,2762800
180.880005,3875400
182.139999,3231700
181.550003,10686800
182.820007,3551100
183.600006,3931800
182.259995,2460900
182.350006,3556200
182.559998,2773600
181.220001,4425300
182.25,4061700
184.289993,4154900
186.220001,2728400
186.369995,3296700
185.979996,2852200
184.509995,2376800
184.369995,2517100
185.690002,3200500
184.360001,4620500
183.759995,2759900
183.080002,3721600
184.779999,4793800
185.940002,2562900
185.679993,2218000
186.389999,2988000
184.889999,3026500
187,3270700
187.059998,3949500
186.460007,4202200
188.720001,5251500
192.190002,2226600
192.570007,3777400
190.080002,2261600
188.910004,2431900
189.300003,3821000
190.029999,3188700
191.259995,2222100
191.440002,3049900
193.529999,3674000
196.470001,4206800
195.110001,4626300
193.139999,5638300
189.630005,3871000
190.220001,4407100
191.729996,4736400
192.149994,3878600
192.270004,5419700
190.009995,11255500
196.399994,8527300
197.020004,5351300
197.770004,5431100
195.190002,4835000
195.679993,8417900
196.639999,5480100
193.289993,5125000
194.520004,6740500
191.770004,6089900
192.690002,4091100
193.550003,4924100
194.5,5394100
192.490005,8537300
190.449997,5194400
189.830002,6767700
192.619995,6851700
195.039993,10912700
188.25,5738500
186.669998,12535200
187.899994,5062600
184.710007,4323900
186.809998,3961300
185.809998,4938100
182.210007,5490300
183.899994,4913200
186.220001,4833000
186.759995,4229500
186.389999,4591200
187.679993,4117800
187.639999,3817300
187.139999,3485200
186.440002,4733000
184.259995,3950100
185.169998,4667900
185.270004,3827800
184.059998,3740700
183.229996,3902300
183.449997,4595300
182.789993,5699300
184.259995,4968200
182.949997,4671500
183.190002,4435200
183.690002,4659900
181.839996,4482000
180.240005,3983000
179.699997,4647300
177.139999,3540400
177.25,4692900
174.669998,4292200
174.240005,4712300
172.839996,4349800
172.899994,7186800
176.679993,5193400
177.360001,4853700
176.399994,4970900
176.850006,5333300
177.899994,5208600
179.639999,6890600
182.729996,6973900
182.25,13796100
188.429993,11076300
190.089996,7644600
188.759995,4770300
187.740005,4816500
185.919998,4619200
184.160004,5784700
187.259995,4022400
187.380005,4321300
187.970001,4603700
189.710007,5932300
186,4067800
186.639999,4063200
185.529999,4546500
187.570007,3619700
186.410004,3018600
185.080002,3381600
185.350006,3325700
183.220001,1613600
182.229996,4079900
180.020004,7653500
180.220001,5927000
178.699997,5697700
175.759995,5471900
177.850006,7517000
172.800003,4184400
173.369995,5671600
175.199997,4090400
177.119995,4127800
177.460007,3796600
177.669998,4739800
176.080002,4384900
175.740005,5267400
176.080002,5864000
177.479996,4560000
179.679993,2870500
178.970001,4596500
177.309998,5756000
178.940002,7161900
181.300003,7610200
184.130005,4459500
185.190002,3645800
185.25,4577000
184.470001,5344900
183.190002,5176100
182.210007,6321500
183.550003,4704400
183.070007,4258500
182.880005,5222300
179.990005,6275000
180,5219500
179.190002,4560700
177.850006,6096800
180.270004,3483300
179.229996,3644500
179.210007,4318100
180.149994,5273700
182.119995,8904600
177.350006,3712700
176.850006,4842800
177.800003,5533300
175.770004,5409400
174.970001,6977300
172.860001,7098700
173.779999,10548000
174.830002,22368900
186.729996,6718000
184.660004,3365100
186.970001,2663100
186.160004,3232600
184.770004,3658900
181.320007,4423500
178.720001,5578300
182.009995,3966400
184.100006,2863600
183.860001,3211800
184.960007,3617100
186.380005,2681200
185.179993,3978200
186.919998,3905500
190.220001,2093600
189.470001,2654500
189.970001,3085300
190.990005,3340800
190.020004,8525900
193.389999,3178100
194.419998,3841800
192.160004,2930900
193.149994,3902400
192.169998,3710400
190.729996,3354800
190.699997,4962900
186.600006,3149600
184.979996,3017200
183.029999,2903500
184.149994,2867600
183.130005,2597900
183.960007,3487200
182.270004,2731000
182.639999,2980900
182.160004,3979200
182.740005,3190700
184.740005,2170400
185.419998,2292700
185.190002,2354300
184.860001,3551000
184.559998,3117800
184.229996,3248900
185.339996,3426400
185.789993,3692400
187.529999,2892300
188.419998,3542900
189.089996,3026500
187.820007,3249600
187.929993,4547600
188.559998,3901700
190.990005,5938500
195.5,2490900
195.160004,3874000
195.809998,2877700
195.039993,3810000
196.009995,2663200
196.210007,2113700
197.350006,2485100
197.220001,3014300
196.610001,2957900
194.979996,2863800
194.089996,3398000
193.539993,6997600
197.990005,8393400
194.550003,6868400
193.850006,3745300
194,5674700
192.070007,4494700
192.800003,4177500
192.25,3892000
191.300003,5204200
194.979996,2947500
194.929993,2405400
193.25,1872600
191.5,3657700
191.279999,4442400
191.110001,10055800
195.649994,3514200
194.860001,3320200
194.979996,3846200
193.539993,4356200
195.460007,8914800
197.350006,4514800
201.940002,2846100
204.869995,3277800
203.039993,3219900
202.199997,2804500
203.770004,2899500
201.199997,3409800
203.979996,2814400
205.020004,2652300
206.350006,2953400
203.800003,3679400
202.740005,4215400
206.190002,3598300
208.949997,3322000
208.020004,4949000
209.360001,4399700
207.919998,3439400
207.779999,4011500
205.720001,3295800
206.160004,5179100
206.990005,5186800
208.649994,2982900
207.600006,3614500
208.440002,5704100
204.690002,4507000
203.320007,4028100
203.210007,3699700
202.470001,3648400
204.470001,3279200
203.240005,3542300
204.820007,3601700
203.630005,3451000
202.779999,4826500
204.509995,4492700
202.389999,3945100
199.630005,4899100
202.539993,7539900
199.149994,5932400
194.309998,3490300
193.949997,4650900
191.710007,3693900
191.610001,6296100
187.830002,9845400
190,18847000
207.149994,6502000
209.669998,3269800
212,2859500
209.259995,4218100
211.380005,3165400
212.919998,3655600
212,3524200
209.220001,2577300
209.320007,2351200
209.410004,4148000
211.309998,3709500
212.660004,3128800
214.360001,3116800
212.380005,2144500
213.300003,3749900
210.889999,3223400
212.360001,2300300
210.740005,3242500
212.080002,3031500
212.259995,5830400
215.059998,3019000
213.440002,3198600
213.210007,3006000
214.919998,7930300
215.800003,5505500
212.059998,3355900
210.550003,3591600
210.080002,3049700
210.380005,3700500
209.419998,3884400
208.380005,3594800
206.529999,3807800
205.190002,3693400
202.910004,3308300
200.830002,4689200
202.330002,4185100
199.139999,3391600
197.509995,3844800
201.089996,3107900
198.330002,3922900
199.309998,3715400
200.320007,2998300
200.979996,3627800
199.649994,3294200
200.089996,2169800
200.039993,2461800
200.160004,2944700
201.679993,2893300
199.740005,3076700
201.020004,3624200
202.789993,3636900
203.789993,3188800
205.179993,3370700
203.070007,3091400
203.520004,2998400
203.899994,3617100
204.929993,2823700
204.970001,3358900
204.419998,4447200
204.720001,12530500
196.080002,7172300
194.470001,4559600
193.649994,3881600
192.589996,2962900
192.5,4172100
192.619995,4172200
194.449997,3880400
192.880005,3608100
192.320007,3212000
192.869995,3026900
193.139999,2862300
193.990005,3380200
195.270004,3644700
196.350006,4234100
191.550003,4684900
189.830002,3536600
192.710007,3967600
191.949997,2776500
192.399994,1631200
193.419998,8225300
194.770004,4184500
195.080002,4270500
195.690002,4125900
193.619995,3792400
191.759995,3826900
191.990005,3623200
192.949997,4241900
194.199997,4144000
192.619995,3438500
191.949997,4091300
189.699997,3216600
188.649994,4202100
189.360001,3990700
189.479996,3349600
190.070007,4936400
191.529999,4077900
191.979996,3603600
191.229996,3290900
192.880005,5210300
193.490005,3877600
190.289993,5189600
189.199997,3170200
190.350006,3588900
186.940002,4660800
185.850006,3411700
185.509995,4404400
188.320007,3406700
189.25,3067400
189.639999,3671600
190.100006,3542200
191.160004,4746200
195.070007,3281000
194.139999,2736200
193.429993,4260100
197.149994,3758800
194.529999,6052300
193.270004,4006500
191.600006,3249600
190.720001,3738000
191.25,4427400
194.399994,4402500
193.360001,6620300
194.960007,9295900
200.630005,12673900
211,5632100
208.929993,3060900
207.800003,2712000
205.759995,2910000
205.820007,4024500
207.990005,3580400
209.820007,1982600
210.589996,2858400
210.389999,2957500
210.509995,3192300
209.839996,3321000
210.470001,5456900
207.449997,4910900
205.910004,2771900
204,3423300
204.979996,3345200
205.289993,3511100
205.979996,12771500
206.179993,3739100
206.429993,2605600
207.070007,2476100
207.149994,3275100
206.809998,4057100
206.360001,3879600
203.770004,3284000
203.270004,3910600
200.949997,4208000
199.5,3413700
199.100006,3931700
195.039993,3312500
194.539993,4514400
194.850006,3193300
193.369995,2740900
195.080002,2141400
194.869995,2539200
195.690002,2498800
197.770004,2639500
195.699997,2757400
197.25,3296100
198.649994,3111300
200.5,2336000
201.220001,2551800
200.839996,2729500
198.399994,2111800
198.289993,2562300
199.009995,2418300
199.289993,2600500
198.419998,2160100
199.029999,2068300
199.929993,3209400
198.759995,2337800
198.520004,3278100
194.449997,2812600
195.179993,2559300
195.979996,3507000
196.679993,2787000
196.389999,4177300
193.949997,3282900
191.080002,3833800
190.339996,3597100
190.830002,3904500
192.449997,4789700
195.339996,10395400
188.25,8019500
183.649994,5158600
184.789993,3144400
186.009995,3933000
183.089996,4931300
185.25,5456100
186.259995,4690300
189.669998,3988100
191.410004,4952900
195.289993,2690200
195.929993,1450400
195.830002,2827000
195.580002,5259600
191.399994,3967300
193,2762700
191.949997,3435900
192.860001,3211600
193.699997,8823000
193.389999,4316600
198.779999,3378200
198.929993,3297600
198.289993,3378900
199.100006,6389000
195.100006,3585000
193.100006,3247700
194.550003,3023700
192.509995,3273300
195.139999,2479200
194.440002,3701100
193.990005,3641300
189.199997,3556500
188.539993,4624500
189.080002,5206400
192.899994,9287500
194.529999,3602500
196.460007,3618500
194.300003,2901900
196.089996,3569300
196.119995,4100000
196.820007,3567100
197.759995,3831700
195.880005,5737100
197.889999,5626300
199.729996,5001000
199.039993,2987400
199.440002,3029200
201.169998,2391500
200.600006,3830500
201.229996,3742500
201.479996,3881500
203.75,3373400
204.990005,4023600
207.240005,2826600
208.059998,2360300
208,2715900
207.080002,2773200
206.809998,3496900
205.580002,3302700
203.570007,4003400
200,5626300
198.619995,3618800
199.600006,4758200
199.509995,5762900
200.130005,10153500
207.449997,6065500
202.720001,3826600
202.800003,3767000
205.320007,2929600
202.580002,3366200
202.330002,4132900
204.940002,3326900
205.470001,3809000
206.050003,4404000
209.5,4091500
209.470001,3387900
208.649994,3215200
208.270004,3403700
207.289993,3265700
207.179993,2704500
207.770004,3418200
205.479996,3036200
205.490005,3307800
204.690002,3329900
204.25,3695100
205.720001,3763200
206.009995,9637000
206,3621100
204.720001,4602300
203.779999,4866000
201,3119700
200.619995,3178200
199.809998,3145800
197.770004,3346900
197.259995,5214700
200.660004,6938000
198.809998,3727400
197.529999,3560300
196.729996,5117100
197.979996,3167400
197.529999,3758400
197.759995,3353200
197.610001,8032700
193.869995,3275800
193.389999,3293600
193.419998,3746500
193.020004,3525500
192.25,4020900
192.220001,3398100
192.619995,2458800
192.419998,3391100
193.130005,3876400
192.949997,3803800
193.350006,3433000
192.820007,3639800
193.639999,4521700
191.529999,3907300
192.619995,5088800
192.600006,4826800
192.5,4359000
190.460007,3360400
190.979996,4004700
191.729996,4359700
191.929993,5345700
189.979996,5751700
188.520004,12849700
180.520004,8567200
181.070007,4600600
180,6003400
179.160004,5279200
180.550003,6881000
182.320007,4110800
181.309998,5161000
181.589996,5201200
182.539993,4897100
184.660004,4463100
185.539993,4346700
186.300003,5646000
183.880005,3530900
186.179993,2941600
183.990005,2872000
184.949997,2775200
184.75,3052300
182.039993,5052000
181.470001,9282500
187.240005,4740100
182.889999,5039900
183.570007,11849400
187.479996,4474500
188.720001,5057700
191.149994,5008400
192.179993,3796100
194.559998,4847900
191.580002,4369000
194.050003,5081700
192.940002,4144900
190.839996,5699400
189.660004,4962200
189.449997,4858800
188,7836800
180.940002,3661600
182.210007,4524200
177.059998,2232800
177.949997,4800900
181.309998,4178600
181.479996,5145100
185.240005,4440900
185.729996,5840500
186.619995,4616800
188.75,4585300
187.350006,6038600
187.380005,3665300
183.350006,3881600
182.240005,5494800
187.25,4330600
187.320007,3530800
186.380005,3237600
187.300003,4953500
183.919998,4136600
181.350006,5881200
184.630005,4710000
187.449997,5009800
185.880005,7057800
181.970001,5387700
180.360001,5373100
182.25,5890600
181.630005,8054200
177.25,7513800
177.389999,6708300
178.899994,15729400
186.589996,8790300
190.529999,5368200
186.820007,4399200
186.119995,5338200
185,5330500
186.619995,5784800
182.389999,6842600
181.690002,7180900
176.850006,5851700
174.740005,9200000
173.289993,9042600
174.869995,7807400
179.169998,6944300
177.550003,7732200
177.710007,7638800
174.509995,6745700
169.339996,5586600
168.619995,8195600
173.020004,7043100
174.720001,6209600
173.130005,4755600
172.990005,11048100
170.089996,5464400
167.240005,6980700
163.429993,4723800
162.419998,5247200
161.369995,6743900
165.25,6027200
167.309998,6796600
165.110001,5761200
166.979996,4979100
170.330002,5463900
171.910004,6074200
172.509995,4477700
172.619995,5293400
169.139999,6438200
165.580002,6751600
166.759995,6427000
164.320007,6923300
158.979996,7249100
157.539993,14068600
163.830002,15082600
171.479996,5129700
171.240005,5585400
172.990005,7645400
168.199997,5187000
166.729996,9175600
162.539993,13993600
170.610001,12517600
166.220001,15804900
172.979996,11871800
171.479996,11022300
178.830002,6722000
178.050003,5770400
180.75,5842700
181.850006,6665600
181.800003,4478800
181.350006,5806800
182.929993,4356200
183.699997,4987000
185.179993,4516100
184.899994,4958400
183.649994,5901100
185.210007,13245600
175.279999,8879700
175.539993,5347100
174.229996,4613100
174.320007,4074800
174.050003,5036800
174.990005,4766500
176.490005,4399900
176.479996,5905600
177.710007,5885900
175.429993,4586500
174.539993,5181700
171.550003,5105200
170.539993,3817100
170.009995,4850000
167.619995,4446700
165.070007,4402600
166.119995,5271500
165.679993,3960500
166.220001,5387300
165.020004,3956100
164.440002,7149700
162.669998,4861100
162.330002,5225600
164.119995,7050000
163.169998,5099200
163.179993,4683300
164.839996,4299800
164.339996,3850800
163.690002,4187000
164.75,3619700
165.050003,5230500
166.089996,3854100
166.559998,5134600
168.929993,9123400
167.5,3277600
167.179993,5771300
167.75,3882100
167.990005,4643600
168.259995,5144000
170.160004,4869900
170.589996,3538300
170.440002,4154300
170.5,8773200
168.860001,4662200
169.919998,5167400
172.240005,5138500
169.5,4663200
170.380005,4934800
169.100006,3594800
168.889999,4839400
168.460007,7332000
170.619995,6890300
172.869995,5007700
172.149994,5396200
170.580002,5587700
170.779999,5087700
170.369995,5299700
168.490005,7300000
167.669998,3583800
168.279999,6158400
164.75,10891800
165.399994,6547100
165.940002,6160700
166.210007,5287400
164.970001,4699100
163.949997,4181900
163.25,3860600
163.949997,4139000
164.050003,3324100
164.380005,3666700
164.039993,3774800
163.990005,3612000
164.25,3225100
164.270004,4381900
163.070007,3860800
163.600006,3394100
162.880005,3456700
161.369995,3972800
162.179993,5348100
160.039993,5145800
159.529999,4782500
158,4311400
157.679993,5784000
155.889999,11450000
154.179993,7376400
153,12195300
159.020004,6475800
161.389999,4300500
162.429993,4271000
162.020004,7041400
165.860001,9086600
162.279999,5384800
159.929993,5312000
161.830002,4910700
163.479996,4057800
160.160004,3413000
159.970001,4382800
161.880005,4773000
162.279999,4518400
160.770004,5707500
160.179993,5998100
161.949997,5209300
164.839996,4245000
164.240005,3230500
163.399994,3216000
162.839996,3768700
163.220001,4129800
163.850006,5185200
164.089996,5737800
164.649994,4633600
166.050003,5612600
164.820007,4928100
164,3755200
163.529999,4683400
163.300003,3904000
163.559998,5831300
162,7197200
159.210007,6725600
161.070007,4878300
161.039993,5353100
161.440002,8260800
159.630005,7285100
155.5,7009000
155.800003,7439900
155.690002,12141000
150.649994,9176900
150,4544200
148.820007,3445800
149.100006,4091500
147.279999,4163600
147.639999,3633400
147.929993,4135700
148.660004,5029200
147.050003,4657400
147.639999,5060100
147.479996,4603800
146.759995,2969800
146.669998,3039100
146.520004,3661100
145.710007,2699600
145.339996,2314700
145.889999,2424500
145.949997,3388800
145.740005,3777100
144.509995,3995000
145,10027000
144.550003,4178600
144.720001,4447400
145.820007,4800800
144.279999,4741000
144.820007,3503800
144.300003,4405300
144.979996,4961400
144.020004,4828600
144.990005,3321800
145.380005,3710600
145.179993,5374000
144.410004,6822800
141.460007,7674800
142.889999,5040300
143.899994,2081300
145.809998,4874100
143.179993,4570300
145.389999,3730700
145.050003,5015900
144.360001,4236200
141.949997,4785900
142.240005,6342100
143.639999,3827700
143.740005,4731500
145.429993,4752200
146.550003,5172000
146.139999,5700600
146.460007,4459700
146.919998,4995800
146.789993,6622500
144.169998,5182100
143.839996,4626400
143.320007,5674600
143.600006,8439300
140.899994,5481600
141.429993,6465300
140.669998,7327100
139.839996,4870000
139.669998,4105300
139.830002,6221200
139.070007,6945500
138.029999,14159100
142.830002,10322700
141.059998,7220400
141.5,5653100
140.369995,8784300
139.850006,5637300
139.660004,4004300
138.850006,4540800
138.720001,6440800
137.839996,4783000
137.660004,6202500
135.25,4059900
135.639999,5621200
134.139999,6425800
135.479996,5151200
134.889999,7481300
134.649994,6155400
134.110001,7122400
131.669998,3898800
132.570007,4922400
131.979996,5267900
131.789993,7145500
130.190002,10397400
129.669998,4685000
129.429993,4762500
128.850006,4850500
129.610001,5271300
127.989998,4418700
126.360001,3436700
126.080002,4477500
125.949997,4353300
127.580002,5142900
125.040001,5103300
125.769997,5623100
123.129997,5624200
123.400002,3604000
124.730003,6214200
122.779999,7746600
125.269997,5235300
124.900002,5621200
126.470001,4034400
127.5,6246300
128.899994,5402400
129.389999,4883200
128.449997,4298300
127.769997,4009200
127.870003,4669400
128.300003,5132200
129.830002,6316100
131.839996,5471700
132,6131700
130.139999,6136200
131.830002,4520600
131.270004,4567500
130.369995,5091800
130.759995,6437500
128.399994,6021000
128.020004,8994200
128.429993,4248800
128.630005,4648200
128.410004,5174900
128.380005,5078000
127.470001,6909000
125.269997,8615500
126.550003,16337400
129.789993,8388600
128.029999,7002900
130.720001,6186800
130.720001,6607200
130.479996,6687700
128.669998,4206900
127.959999,3898000
127.970001,5439300
127,7090300
123.459999,6348700
121.860001,6454500
122.57,9742100
123.480003,8018000
125.089996,9376200
128.979996,6335100
127.120003,10420400
128.190002,5565500
130.110001,6855800
129.300003,6030200
130.649994,6857800
130.149994,9581400
130.979996,5571000
130.350006,6401000
129.789993,6652500
128.5,6753000
128.449997,5820200
127.68,7479700
123.900002,7795500
123.720001,8399200
124.129997,6951400
125.279999,9669200
127.959999,6645300
127.410004,7705300
124.339996,7135400
125.260002,7421900
126.389999,7725900
123.230003,9083200
124.519997,9494800
124.449997,6868600
125.419998,12639500
123.800003,13176500
128.860001,8669300
129.949997,9330000
130.440002,8923400
131.190002,9920100
131.479996,10497800
132.679993,16626900
126.889999,6498900
126.269997,8463900
122.099998,10584800
123.919998,13168800
127.459999,6072800
128.119995,8285000
129.600006,4992100
129,6266700
130.460007,5786900
130.100006,7122300
128.820007,10916700
130.729996,5285400
129.990005,6197300
129.130005,6018500
128.990005,7559200
129.690002,15216500
132.229996,11353700
130.630005,9546200
130.889999,6425300
131.25,8545800
129.029999,6819100
128.360001,3992300
128.759995,5185100
127.610001,6006900
128.479996,5157000
128.929993,3926300
129.350006,4118700
128.25,4980500
128.25,4904800
128.770004,3426600
128.589996,4643000
129.259995,5550800
129.240005,7603200
128.529999,6669300
129.369995,5978500
127.980003,5651900
127.709999,10744300
128.380005,4954400
127.760002,6348400
128.669998,6134900
127.830002,4497700
127.940002,5169500
127.599998,7922200
125.620003,6916200
125.550003,7528800
126.410004,6199300
127.25,6140200
126.720001,6032300
126.879997,6390000
127.419998,6013300
128.570007,4577700
127.160004,4784200
127.07,5658700
127.589996,4782000
126.459999,4591900
126.849998,3808100
127.190002,6303100
127.809998,5525900
126.330002,5827400
125.230003,6777300
124,8017700
123.730003,5089000
122.809998,5219100
123.209999,6044500
121.879997,5718500
123.519997,8617000
123,9126900
125.660004,4177100
125.529999,5899900
124.669998,7242900
122.389999,11571200
123.75,9622200
126.330002,8719200
125.75,7135300
126.120003,5738500
125.5,10088600
129,9608600
130.25,15197500
134.139999,13916200
131.779999,8494400
132.309998,7111800
130.229996,6455400
130.509995,8081500
129.479996,5730400
130.850006,4197200
129.550003,5840600
130,5605300
130.850006,6841400
132.449997,6155300
130.899994,4223400
132.570007,3867000
131.850006,4184200
132.309998,5800400
130.570007,4265100
130,4127600
129.929993,5535500
128.649994,4772500
127.910004,9106600
127.400002,5909500
128.710007,6372500
128.490005,7862600
129.929993,5201300
129.679993,6597200
129.339996,7077800
128.389999,6071900
126.800003,5351400
127.040001,4144400
127.25,7068500
127.550003,5760000
127.209999,4597900
127.940002,6578600
126.349998,6302700
125.699997,3319200
127.279999,3967700
127.93,4816500
128.199997,7003500
126.959999,5354200
127.540001,5308400
128.149994,3970100
128.630005,1027500
128.210007,7822500
127.029999,4979700
126.260002,5345400
127.190002,6530800
126.910004,6444500
126,7764600
123.489998,4979600
123.099998,6701800
121.290001,6353300
121.160004,5706800
120.559998,7049400
120.610001,7711700
122.870003,6309400
121.5,8780400
120.650002,9445400
120.110001,6538500
120.360001,6799200
122.690002,6027000
120.870003,7171000
122.82,8780700
123.059998,7514100
121.639999,19216900
127.980003,11904600
128.350006,9545500
127.019997,7581300
127.040001,7730500
125.93,13123100
122.290001,6498000
122.779999,5872000
121.349998,6659100
119.75,5673300
119.019997,7581900
117.900002,7067500
119.610001,7733300
118.809998,6748800
119.330002,8248600
121.080002,5187900
120.940002,5426800
120.82,5538100
121.610001,5564700
121.57,4515100
122.110001,9935800
121.879997,8392600
121.82,11236700
119.349998,6536000
118.879997,4758600
118.050003,5893700
117.669998,4889400
116.760002,5248100
117.160004,5797500
117.459999,3451700
116.330002,4936200
116.089996,5178800
116.690002,6303800
118.050003,5439400
118.220001,6235700
119.43,4356900
119.470001,4515500
118.830002,4652200
119.32,6363400
119.900002,8306800
118.949997,4841700
118.57,4837900
117.629997,4286200
116.860001,5349600
118.57,4796400
119.580002,5489200
119.290001,6289700
117.790001,4844500
118.699997,3981300
119.330002,5763200
117.379997,6003100
118.470001,5025800
119.599998,4993500
119.919998,6108200
117.93,5329600
117.860001,6803100
117.260002,5100900
117.279999,5782900
117.629997,5069200
117.639999,6261000
117.059998,8461400
115.57,8813400
117.040001,8301700
116.440002,10682500
115.419998,20188900
110.639999,14997900
107.220001,8699100
103.25,5413500
103.620003,9494300
100.830002,7465900
102.080002,6153200
100.68,7380800
100.190002,6685600
101.650002,6522500
101.730003,7026700
104.839996,5537300
104.419998,7512600
105.830002,4681800
105.68,5127900
106.059998,6900600
104.150002,6395200
104.440002,5152600
104.519997,7295400
105.889999,13559000
106.330002,6206900
107,7366200
107.32,7231000
107.620003,8567600
108.209999,7250900
109.400002,9134300
108.349998,7578100
108.139999,8585900
107.489998,6363800
107.239998,7665000
106.330002,5468500
106.489998,7688000
106.830002,7045800
108.370003,7725000
106.279999,6871800
104.690002,6127500
102.93,7119600
105.019997,7211200
101.889999,5596200
102.82,7411500
104.050003,7083100
105.510002,7079200
104.580002,7429500
101.370003,8367400
101.050003,9445100
102.260002,8202100
103.940002,7961600
102.900002,8253000
101.489998,11575500
102.589996,8521400
104.620003,7530900
105.849998,6750000
106.190002,8313900
104.610001,6234200
103.209999,10654500
104.040001,9783700
101.940002,11110500
99.949997,8611400
100.080002,10157500
101.419998,9440400
102.550003,12120000
102.309998,15226700
100.43,12524700
101.269997,10214200
101.43,9259500
98.849998,8164200
99.269997,6276700
99.949997,7797200
101.699997,8013700
101.190002,7285200
98.75,8768400
101.559998,8819800
102.220001,10962900
100.82,16219000
97.610001,12212900
96.889999,14553700
94.519997,10964000
94.150002,15745200
98.779999,11434600
97.949997,12017000
98.300003,9346700
98.709999,12407200
92.510002,12193900
92.660004,9899300
91.949997,17954300
92.910004,11489700
91.220001,11793700
90.360001,9111900
90.400002,11829200
88.620003,11823900
87.25,15914800
83.480003,13151800
85.809998,15186000
87.480003,14930100
89.489998,15391700
87.769997,13744100
89.050003,15231700
92.029999,21311200
88.970001,17423200
85.900002,12646400
86.400002,12915300
84.370003,13509600
88.790001,12400700
88.93,12622700
91.510002,8492600
90.669998,8903500
93.839996,6742400
95.07,9917700
95.160004,10765700
93.269997,13541300
96.82,8165800
96.139999,13055900
92.410004,11622900
92.830002,10189800
93.480003,8864500
90.93,9926400
91.650002,9617000
92.510002,9233500
94.82,13407200
91.660004,8720800
91.599998,9840800
89.489998,10253700
90.07,12350700
91.419998,24905000
81.980003,13800100
84.919998,11245300
84.120003,11734800
83.190002,9470000
85.339996,7657200
85.709999,8072700
84.699997,7440300
87.18,7231800
87.790001,8455100
89.230003,9649500
86.82,8315700
87.370003,7558200
84.160004,6667700
83.550003,5774400
81.25,6062600
81.330002,3101300
80.519997,2415200
80.599998,6374400
81.989998,7083300
83.519997,13098600
84,8029500
85.839996,8592000
86.400002,11559800
82.769997,8848200
82.199997,10381700
80.580002,10682400
82.860001,8187000
82.690002,9356400
84.860001,11177600
80.589996,11212000
77.440002,10914000
80.669998,9757800
79.839996,9305200
76.900002,10265000
81.599998,3908300
81.669998,8240600
80.650002,12519700
79.889999,15023200
74.879997,19804500
71.739998,17634700
75.970001,12606400
80.080002,13050600
77.480003,10315300
80.330002,12023700
84.209999,15103600
79.739998,11368400
82.739998,10013600
83.870003,9685100
86.269997,7927800
85.150002,12522000
89.940002,8706200
93.400002,10173000
92.68,7686300
92.970001,10506300
90.690002,12033800
88.199997,12692000
87.279999,14205900
79.660004,11099100
82.07,12287300
84.349998,12358000
83.599998,14198100
88.860001,9716400
92.510002,9747100
90.779999,15230700
91.519997,16271300
88.290001,11330800
93.599998,15114200
92.209999,17101600
87.75,24637400
89,21293600
90.550003,17980400
95.650002,11416100
100.620003,11521400
103.440002,9637900
104.739998,11458200
110.129997,13134400
116.959999,18991900
114.459999,9586700
119.419998,4760500
120.110001,6539200
116.459999,6574100
115.360001,8012800
116.209999,8844000
118.849998,14432600
115.120003,15995000
111.470001,12298000
116.050003,13673200
115.190002,9908300
118.970001,6635100
119.199997,9737400
118.040001,11852200
115.040001,8106300
117.290001,10452800
114.330002,8811400
115,10133800
118.339996,11316600
118.410004,11749800
121.730003,7156000
124.580002,5448200
123.379997,5843800
122.5,6218200
122.860001,5827400
124.93,5989200
122.989998,6315000
122.510002,6871600
122.559998,9311600
124.589996,5970000
126.360001,5566200
126.940002,6813000
125.800003,5857800
125.220001,6996800
126.599998,7490400
128.809998,8561800
129.050003,6633500
129.160004,6253800
128.869995,6969900
127.559998,5994900
126.639999,4939700
127.980003,5857300
128.860001,5826100
127.660004,5979400
126.25,6096800
128.529999,7565500
130,8946300
129.520004,10230300
130,11428600
128.660004,7779600
129.889999,18317800
126.519997,12298200
125.940002,9898800
123.199997,10710500
121.540001,8317400
122.120003,8841400
123.18,10053600
120.400002,9506700
123.879997,9813300
121.5,9131100
119.540001,6115200
119.099998,8093200
119.269997,10069400
118.529999,8439000
120.050003,11660400
121.129997,9710600
124.580002,7131500
123.459999,7552900
123.459999,5852300
122.739998,9624900
125.019997,7570200
124.160004,6614700
125.099998,5277900
126.709999,6280200
126.150002,6379600
123.849998,6748600
123.25,7207200
125.940002,5384200
125.860001,5584000
124.940002,7886200
128.470001,6153300
127.550003,6432300
127.839996,7238200
127.360001,7599300
129.429993,8652900
129.710007,7561500
129.539993,9875600
127.32,6989200
124.199997,4701500
124.699997,5031300
123.620003,8333900
125.18,7017700
126.489998,6385200
127.82,6372100
128.460007,7227900
127.519997,8888300
126.580002,9693400
125.239998,8666800
124.059998,5502900
124.919998,9794000
124.139999,11406800
122.82,5910400
122.029999,6359300
123.18,6916600
123.610001,8230200
120.699997,8128300
122.849998,7226000
121.690002,5605200
123.080002,6313400
124.190002,5996700
123.599998,7593300
123.669998,5417500
124.349998,6952800
124.400002,12490800
123.080002,18999100
120.470001,19317700
117.169998,8642000
117.279999,7745600
116,9556800
118.779999,9149300
116.769997,6819100
116.269997,7283300
116.309998,6181200
115.760002,5733200
116.019997,7052900
114.809998,8007600
116.489998,11875400
115.139999,9707200
114.57,6600900
115.519997,8437200
116.910004,9617100
117.970001,8443600
119.059998,8398000
118.330002,11417900
116.940002,9314400
118.410004,9966500
115.550003,9280300
115.230003,9734600
115.910004,9548900
117.07,9083200
116.489998,10480600
114.010002,9747300
113.940002,8124900
112.519997,8018400
115.389999,8434200
115.709999,8593300
114.230003,6335700
113.860001,8475100
115.239998,7227200
116.459999,11854900
114.379997,18651500
110.080002,8158000
108.07,7917200
106.93,8328000
107.849998,7671000
105,7376400
106.160004,6235600
106.129997,7340600
108.419998,6608200
106.529999,7650200
105.139999,6098300
103.269997,6085600
102.339996,11255800
103.589996,8265700
105.019997,9048900
107.93,5985500
109.080002,8047100
107.110001,9054600
105.650002,7431100
106.099998,6616200
104.980003,7858500
104.519997,10025400
106.910004,13025700
106.099998,19588100
101.220001,15129500
103.400002,23871700
101.099998,11934000
101.629997,12681700
101.830002,11629500
102.93,18009400
97.669998,8959900
99.919998,10634700
98.309998,10922100
97.589996,9434400
100.050003,12650400
101.129997,11034600
104.900002,7528900
104.690002,9503500
108.099998,5732300
110.089996,5834500
109.599998,4513600
111.559998,3849400
111.650002,2342400
111.050003,13246600
108.839996,8030900
107.139999,7031100
106.309998,8042000
104.529999,7131100
105.769997,9711200
108.18,6252800
108.470001,7879800
106.989998,8439700
109.389999,4442200
108.860001,5985500
109.699997,5315500
108.160004,6090400
106.629997,6361800
105.830002,7918800
105.18,12900200
107.5,7813800
107.370003,9397700
103.830002,9117500
101.970001,7340700
104.050003,2827700
102.220001,7097200
103.419998,8393400
102.220001,9502200
104.790001,9294000
103.599998,8023600
103.440002,8453600
105.269997,10777900
101.449997,13553600
100.25,18084100
106.110001,23092200
111.080002,7087000
113.169998,7299700
113.400002,7155300
114.589996,6114800
113.650002,7594400
116.120003,7216800
114.120003,4015500
114.800003,5103200
113.730003,5030300
112.809998,6519900
112.949997,8072600
114.68,5562900
113.370003,7576900
112.279999,10327200
114.800003,7736500
115.779999,18100500
119.599998,11527300
118.029999,6267300
117.809998,5656200
118.050003,13018800
118.620003,5913800
118.300003,5670600
117.769997,4822900
116.300003,5749400
115.690002,6177500
116.400002,7914100
118.360001,6911500
119.029999,6777300
117.800003,7720200
117.709999,5834500
117.300003,6695200
116.510002,7045200
116.25,5734300
116.779999,9097300
116.860001,5806400
116.669998,10311200
116.629997,7839500
114.519997,5022400
115.129997,6904400
115.949997,4802700
116,6287200
117.349998,8098700
115.800003,6118300
115.550003,7511700
117.620003,6778600
117.879997,6555500
118.190002,8070500
116.690002,6883600
115.370003,7756100
114.57,7049800
112,6006600
113.440002,4921800
113.239998,7058700
111.449997,8271000
110,6329700
109.040001,8458500
109.220001,9839800
110.900002,15274600
109.690002,16723000
111.230003,11640200
112.050003,5615600
112.709999,6135500
112.639999,9592200
110.730003,9086000
112.980003,7681400
113.529999,8021400
113.889999,7245500
111.889999,9571300
113.230003,11318900
112.040001,12390300
110.650002,17816200
114.519997,15095400
115.620003,18138700
116.529999,16822100
118.099998,11340000
116.169998,10499300
116.379997,8040900
114.809998,11706300
115.860001,17281600
111.080002,10154100
110.769997,7619900
109.660004,8864200
108.599998,7124100
109.279999,9544100
109.099998,5887800
108.629997,6209300
108.970001,6046300
109.029999,8977200
108.050003,6670900
106.580002,4217900
105.010002,4701300
105.25,7018400
105.949997,5430900
105.43,5403800
105.330002,5229600
105.099998,8476400
104.440002,10808500
106.599998,5587800
106,6541500
106.5,5754000
105.330002,6359200
105.089996,9432300
103.849998,5165600
103.120003,6437600
102.339996,5578400
103.220001,7903100
103.07,8216300
101.800003,14384600
102.410004,30770700
105.839996,5244200
106.230003,4569900
106.540001,5289200
106.599998,5097700
106.93,7401000
105.910004,5420300
105.18,6123000
103.949997,6926300
105.580002,4396900
106.699997,5313300
107.040001,7512200
107.989998,9857500
105.309998,7706400
105.870003,5613500
104.830002,6104200
105.57,5732600
105.980003,6026100
104.68,8959800
104.379997,8408100
103.290001,5965000
103.160004,5620100
102.959999,5464800
102.800003,7302200
102.220001,6820300
103.169998,8670100
102.209999,10050400
101.169998,6141400
100.900002,8608500
101.459999,14827300
98.489998,21450700
95.209999,7247400
94.580002,9340300
94.290001,9445600
94.800003,15871700
97.120003,10264000
96.18,6865100
94.93,6027800
95.669998,7085300
95.160004,5936900
96.459999,3596400
96.620003,4850600
96.519997,3307100
96.209999,4276200
96.099998,5730800
95.209999,5883700
94.260002,7638100
94.57,6851500
94.260002,8128000
94.730003,4695800
95,6729400
95.029999,4412500
95.190002,5700400
95.360001,7665600
94.5,4560000
93.989998,4568100
93.25,8728700
93.449997,5910000
93.760002,8713900
92.709999,7539100
94.110001,5531300
93.279999,6333000
93,7403900
93.940002,10269100
93.800003,9184200
91.809998,10314900
90.900002,9451300
92.269997,12865700
92.940002,12191600
93.959999,11996700
96.910004,5922100
97.730003,6355800
98.5,5900100
99.089996,4302400
99.349998,4124200
98.989998,4800700
98.919998,5568600
99.199997,5644800
98.290001,5702800
98.580002,5331000
98.550003,6100400
99.620003,6152200
99.540001,7698200
99.849998,6532800
100.379997,8184800
99.169998,6656300
99,6610700
99.150002,6432600
99.370003,7177900
98.540001,7294800
97.449997,5771100
97.510002,6201300
97.400002,5700000
97.080002,10337400
97.110001,13539300
96.169998,26035800
99.449997,14636100
100.019997,8200700
100.82,9602200
99.339996,6636500
98.650002,8000700
98.889999,8744800
100.07,11108200
98.900002,10340000
97.419998,7221300
98.309998,10524500
97.269997,9196800
97.150002,4455900
96.970001,4501700
97.199997,4571600
95.660004,2278700
95.25,3031500
95.910004,4405600
96,3654600
96,4933200
95.440002,7984900
95.300003,8086500
95.360001,4644100
94.769997,6441300
94.120003,7783800
93.639999,3459200
93.860001,4140000
94.230003,4310800
94.120003,5947300
94.480003,6886200
93.510002,7507900
91.25,5445400
91.919998,6470700
91.519997,4623000
91.349998,4962100
91.449997,6284000
93.349998,2129800
93.519997,3351700
93.080002,3067800
93.25,5010600
93.809998,5251000
93.470001,4171500
93.110001,4172800
93.290001,5873000
92.07,4358300
91.760002,5369600
92.419998,4518900
92.589996,6022200
92.75,7305200
92.599998,6240600
91.410004,4506400
91.68,4895100
91.800003,5845700
92.330002,9267300
91.5,5594000
90.760002,5840300
91.540001,4990300
91.830002,6122100
91.489998,9222300
91.559998,8862300
90.480003,7390900
89.860001,10671400
89.82,27875200
86.949997,13295500
86.709999,8633100
86.080002,7788600
84.699997,4661700
84.190002,5210600
84.190002,4712900
84,4490200
83.139999,5340900
82.919998,4956600
83.099998,6119300
81.650002,4838500
81.870003,4483300
81.940002,4770700
81.989998,4592300
82.089996,5880500
82.5,4731800
82,5683000
81.209999,4350200
81.610001,8909000
83.419998,7524600
81.870003,5088600
82.239998,4417600
82.940002,8203800
82.470001,4265300
82.209999,4920200
82.279999,5722200
80.93,4314300
80.660004,4498600
79.400002,3913300
80.279999,3727600
80.849998,3968500
81.410004,3294000
80.970001,3786200
81.220001,4688800
81.400002,5208500
80.32,5259400
79.879997,3427400
79.379997,3473300
78.669998,3425700
78.949997,4057200
79.279999,3676500
79.900002,5399200
79.370003,5535400
79.089996,7386500
77.080002,5985400
76.68,4997400
75.480003,3695800
75.739998,3213600
75.389999,4480400
75.330002,3794700
75.519997,3870200
75.910004,5062400
76.330002,2765800
76.32,3283800
76.139999,4406700
77.410004,5381800
76.959999,4165700
76.150002,6439100
75.830002,3870100
75.889999,5580300
75.989998,5611200
74.860001,8372500
75.480003,12214900
76.07,14536900
74.260002,8667500
73.699997,6822700
73.57,6957800
74.239998,8754700
75.480003,8372100
76.470001,6086500
76.669998,7154700
76.419998,6641600
78.089996,4333100
77.769997,4047800
78.019997,3177300
76.82,7911700
77.589996,5448900
76.559998,4392100
76.629997,5596800
77.150002,3448000
77.099998,4520600
77.190002,5563700
78.300003,5559100
77.989998,6124500
77.669998,5302100
77.949997,8133500
78.559998,6679400
77.709999,6038600
76.93,7374100
77.019997,4924900
77.629997,6135400
77.029999,13474400
79.150002,7924800
79.760002,7250600
79.059998,5555800
79.519997,7232300
80.690002,4866500
79.900002,6384900
80.160004,5049100
80.75,3580800
80.139999,3995000
79.779999,7389600
79.830002,5006400
80.019997,6250900
80.279999,7019100
80.660004,5443600
81.269997,5936000
82.160004,4454800
82.889999,5776400
82.389999,5685700
82.459999,5274500
82.900002,3430400
83.230003,4072800
82.889999,3856500
83.279999,4504500
82.43,3966900
82.699997,5721100
82.419998,4336400
82.230003,6011100
82.339996,8201800
83.879997,8174300
83.349998,6648800
82.669998,6856300
82.110001,6604100
81.660004,6117400
82.019997,6237200
81.860001,10554700
83.309998,7905800
81.639999,4634200
81.980003,4799700
80.75,3905200
81.160004,5959700
82.099998,3627700
82.480003,5337500
83.809998,4944100
84.169998,5523900
83.449997,3853000
83.059998,4121600
82.470001,5862000
83.199997,4467000
83.129997,4392100
82.43,4508600
83.080002,3910100
83.360001,4198800
83.199997,5105800
84.449997,4968600
83.809998,7404300
83.580002,3870300
83.300003,6414400
82.870003,4299500
83.379997,5370400
82.879997,4518000
81.93,4571400
81.57,4787200
81.019997,4310700
81.139999,5569900
80.290001,4330800
80,4709500
79.959999,4354400
79.940002,4418800
79.900002,5172300
80.239998,5960700
80.629997,3787000
80.099998,3903200
80.199997,4979400
81.349998,5294300
80.5,5838000
80.709999,5298800
80.910004,5310500
80.849998,5052000
81.089996,6075500
80.440002,5257400
81.330002,5371900
80.400002,7609200
80.800003,5029200
79.849998,5247300
79.510002,9568500
79.970001,9852000
81.230003,6198000
81.940002,5419300
81.300003,6771600
81.629997,5325100
81.019997,6103400
80.720001,7810200
80.910004,6374300
80.849998,6069000
81.410004,6114100
81.360001,8605800
83.089996,6483500
83.800003,10984800
83,8718400
83.169998,6921600
83.57,4924100
84.169998,5776400
84.07,5700000
83.730003,6851100
84.949997,8196900
82.5,7213400
81.949997,9832800
82.059998,11715100
82.199997,5449000
82.400002,3958400
83.040001,3836800
82.989998,4377800
83.480003,3616200
83.220001,6573600
83.120003,6846800
82.480003,5276200
82.760002,4985400
83.370003,7398200
83.529999,6155900
83.129997,7161800
83.709999,12545300
85.959999,6044100
86.970001,6461800
87.5,5787000
88.720001,5284000
89.139999,4871500
88.43,4023600
88.650002,4730500
89.209999,4668500
88.900002,6021500
89.099998,5147000
89.110001,5197900
88.800003,2199300
88.800003,5399300
87.989998,5786600
87.290001,4807900
87.769997,7985800
86.889999,5293600
86.540001,6694100
85.529999,6830800
84.360001,3915300
84.550003,4841300
83.989998,4732000
82.839996,3936200
83.150002,3798000
83.610001,4455100
83,3831400
82.870003,7690900
81.059998,6447400
81.589996,5653100
81.879997,7531200
81.419998,6941300
82.309998,3705800
82.889999,4270800
83.360001,5393300
83.470001,5482200
83.330002,6020700
83.169998,5752700
84.169998,7502600
83.480003,12045300
82.589996,7964800
82.349998,5573700
82.199997,5530600
82.190002,7580800
83.190002,9781300
81.25,7882900
80.5,6130100
79.699997,8130200
79.82,4998800
80.110001,6365100
80.449997,5297600
80.220001,5536500
80.360001,5899700
79.5,7747700
77.989998,5499600
77.410004,5433200
78,5434600
78.209999,6870400
77.559998,7126000
78.699997,7122300
79.43,5148500
80.330002,7624900
80.010002,4864100
80.480003,3887700
80.75,5040900
81.480003,3692800
81.440002,3982200
80.800003,4277300
80.980003,4116300
81.019997,6305500
79.459999,3680600
79.540001,6390600
80.620003,5400800
80.540001,5674200
81.339996,4025300
80.379997,5029300
81.099998,3606100
81.32,4417600
82.029999,4000300
82.599998,5157200
82.760002,6481000
81.150002,3713300
81.300003,4853000
81.300003,4407400
82.5,3431100
82.190002,4378200
82.660004,4570400
82.019997,5402400
83.5,3793500
83.360001,4424300
83.360001,3714600
83.120003,5249900
84.059998,4256200
83.309998,5380700
83.43,3664300
83.459999,4330300
83.800003,6189700
83.870003,4862200
84.120003,4542900
84.199997,4457800
84.440002,4570400
84.400002,8265300
84.599998,9323200
83.699997,14149700
81.809998,8705600
82.379997,7644100
82.419998,8546200
81.449997,11340000
80.040001,10945500
78.959999,7186700
79.300003,13440500
77.379997,10757200
75.809998,8009300
74.790001,5181800
74.669998,4353100
74.199997,6127000
74.730003,5519100
75.300003,8188800
73.879997,6489800
74.010002,10792100
75.410004,7766700
77.230003,5646300
76.410004,5339100
76.550003,3745600
76.389999,8593800
77.050003,7840000
76.300003,7103600
74.889999,4314900
75.050003,5715700
74.769997,4895800
74.93,4423200
74.800003,4280000
75.040001,5226600
75,5978600
75.790001,6149900
77.349998,4025600
76.839996,7380600
75.550003,6419000
77.099998,3163900
77.139999,5832000
76,5483400
75.809998,5660700
76.510002,4759800
76.410004,6329800
77.160004,7030400
76.360001,10309600
74.290001,5135600
74.339996,5501500
73.160004,7150600
72.620003,6061900
73.279999,6915700
73.300003,7982200
74.980003,5616700
75.260002,7750300
75.5,12371800
77.080002,5512300
76.470001,6196300
76.510002,7232500
76.379997,8147700
75.910004,8629200
77.050003,11631400
75.43,12484300
74.610001,10219400
74.209999,10984400
74.029999,16224400
72.010002,20366300
75.480003,9259900
76.650002,13255000
76.699997,27906300
83.639999,10421200
84.57,7090700
85.75,8429700
86.199997,8296500
87.599998,5179200
88.440002,6355700
89,7836800
89.57,4568400
90.32,3737800
90.440002,5721200
91.379997,4418600
90.68,5253900
90.599998,6070400
91.040001,4088900
90.699997,4577100
90.519997,5472100
89.5,4452500
89.510002,4402400
89.279999,7541500
89.860001,5562100
90.650002,5065300
91.379997,3663100
91.900002,3935500
91.510002,4494300
92.410004,3422500
92.349998,4511200
92.129997,5087800
91.599998,7046900
92.370003,4754000
92.410004,4037800
92.919998,4467400
93.300003,3819900
92.580002,4949800
92.800003,4078500
92.639999,4153900
92.099998,5622800
92.32,4825100
93.269997,4265300
93.75,4254200
94.620003,4466500
94.330002,4148000
93.57,2868800
93.300003,4229300
92.760002,4838400
92.699997,5657100
94.129997,3541100
94.529999,2837800
94.510002,3807600
93.540001,3928700
94.300003,3597400
93.860001,3637400
93.419998,4759900
92.889999,5960600
91.980003,4746900
91.949997,5352000
92.190002,5070700
91.790001,6537300
92.379997,7002600
93,5708600
93.099998,7352700
94.900002,8492100
94.099998,5520800
94.449997,5339400
95.209999,5828600
95,4746400
95.68,4625100
95.779999,6200700
96.199997,4561700
96.5,5646700
96.699997,5711000
97.75,5295200
98.580002,2793200
98.300003,3812400
98.18,3296300
98.300003,4336400
97.5,3262900
97.720001,3590600
97.610001,4950100
97.019997,4841800
96.550003,4769900
96.199997,8853100
97.449997,5660100
97.330002,3914500
97.309998,4493200
96.449997,4799500
96.669998,4188300
97.510002,5713700
96.650002,5310700
96.099998,6477100
97.669998,5263000
97.080002,7026800
95.760002,5152300
95.879997,5664500
94.239998,5870300
95.5,5699800
94.720001,2204300
95.459999,3750600
95.279999,5529900
95.110001,5814100
94.449997,5679100
95.099998,4655900
95.459999,6353200
94.889999,5684100
95.919998,4887600
95.32,4958400
94.790001,7453400
93.610001,6258400
93.370003,4513100
93.370003,4907300
93.279999,6708400
92.379997,6951600
91.199997,6553300
90.470001,5388700
90.110001,5160600
89.75,4518500
89.5,4226500
90,6035100
89,7335800
88.43,5774500
87.389999,5988700
88.099998,6137500
88.82,6926800
89.370003,13692200
85.919998,7182600
84.849998,5928500
84.779999,4233700
84.980003,6651400
86,4626600
86.629997,3016300
86.709999,4090000
87.419998,3076900
88.040001,3984400
87.32,5150700
87.160004,5001400
86.720001,4538000
85.739998,5198000
84.980003,4204500
84.480003,3874200
84.160004,4650300
84.43,4899500
83.879997,4801200
84.309998,5037100
85.720001,4049700
85.699997,4380400
85.739998,6198700
86.120003,3623000
86.370003,4631200
86.720001,3953500
86.489998,4801400
86.760002,3753500
86.440002,4517400
85.860001,5721200
84.970001,4002800
84.389999,3479800
84.57,3380400
84.220001,4748500
84.690002,3399500
84.400002,2277900
84.940002,2444800
84.690002,3134400
85.07,4405600
84.709999,2710400
84.650002,4260600
85.25,4501400
84.889999,4704500
